59,0,2020-10-08
339,19,2020-10-12
692,19,2020-10-07
467,3,2020-09-28
556,14,2020-10-10
659,18,2020-10-08
791,19,2020-09-25
177,16,2020-09-30
18,8,2020-10-17
772,20,2020-10-10
662,16,2020-10-20
624,9,2020-10-01
115,11,2020-10-16
398,14,2020-09-30
685,11,2020-09-27
19,18,2020-09-27
643,12,2020-10-08
45,1,2020-09-24
361,14,2020-10-18
115,1,2020-10-09
292,8,2020-10-13
271,11,2020-10-07
414,5,2020-10-19
587,1,2020-09-24
123,13,2020-10-06
251,9,2020-10-19
188,13,2020-09-27
435,13,2020-10-06
206,20,2020-10-19
218,9,2020-10-04
228,7,2020-10-11
699,3,2020-09-24
572,8,2020-10-21
753,3,2020-10-18
679,2,2020-09-25
772,7,2020-10-13
334,11,2020-09-26
711,0,2020-10-03
286,16,2020-10-09
372,19,2020-10-03
161,14,2020-09-30
567,6,2020-10-12
201,2,2020-10-01
193,3,2020-10-16
303,7,2020-10-16
798,6,2020-10-03
397,6,2020-09-24
630,10,2020-09-30
471,0,2020-10-07
614,19,2020-10-12
257,3,2020-10-17
410,13,2020-09-28
692,17,2020-10-22
583,9,2020-10-11
577,14,2020-10-12
316,15,2020-09-24
31,10,2020-10-08
27,15,2020-10-05
720,2,2020-09-28
711,15,2020-10-12
524,1,2020-10-21
779,18,2020-10-19
122,1,2020-10-22
54,15,2020-09-30
386,8,2020-10-17
437,16,2020-10-05
496,1,2020-10-12
158,11,2020-10-17
190,10,2020-10-21
107,5,2020-09-30
127,16,2020-10-02
744,20,2020-09-28
341,13,2020-10-09
741,20,2020-10-06
226,0,2020-10-19
446,15,2020-10-05
539,0,2020-10-12
236,12,2020-10-10
337,7,2020-10-21
630,16,2020-10-04
9,13,2020-10-13
534,11,2020-09-29
436,3,2020-09-25
736,5,2020-09-29
449,11,2020-10-02
662,17,2020-10-19
141,9,2020-10-13
510,9,2020-10-13
622,0,2020-09-25
494,0,2020-09-28
525,16,2020-10-04
116,4,2020-09-29
545,13,2020-09-27
778,5,2020-10-18
377,12,2020-10-10
530,11,2020-10-09
513,2,2020-10-17
262,1,2020-10-21
514,3,2020-10-14
59,13,2020-09-27
498,4,2020-09-26
374,19,2020-10-14
641,1,2020-10-07
212,9,2020-10-02
694,0,2020-09-24
650,12,2020-10-12
508,2,2020-10-10
326,12,2020-10-05
157,10,2020-10-02
168,1,2020-10-09
110,6,2020-09-29
433,11,2020-10-14
587,16,2020-10-06
299,17,2020-10-09
257,12,2020-10-21
383,7,2020-10-05
64,5,2020-10-04
657,10,2020-10-21
765,2,2020-10-11
351,11,2020-10-02
140,16,2020-10-16
694,20,2020-10-06
739,17,2020-10-21
201,16,2020-10-14
105,17,2020-10-16
542,7,2020-09-25
515,5,2020-09-24
258,3,2020-10-07
759,10,2020-10-09
581,9,2020-09-26
301,6,2020-10-14
532,16,2020-10-02
161,17,2020-10-10
287,12,2020-10-21
74,16,2020-09-27
314,8,2020-09-27
100,4,2020-10-22
340,14,2020-10-19
318,11,2020-10-08
143,2,2020-10-20
527,16,2020-10-20
441,17,2020-09-29
626,19,2020-09-24
499,3,2020-10-20
38,6,2020-10-09
624,8,2020-09-26
342,5,2020-10-11
294,0,2020-10-16
467,19,2020-10-06
185,20,2020-10-04
434,12,2020-09-30
113,16,2020-10-19
756,20,2020-10-12
43,2,2020-10-04
175,18,2020-10-12
267,10,2020-09-27
225,13,2020-10-04
643,8,2020-09-26
419,1,2020-10-18
618,11,2020-10-05
606,19,2020-10-05
462,0,2020-10-17
415,10,2020-10-14
309,15,2020-10-02
459,13,2020-09-25
466,2,2020-10-14
391,19,2020-10-20
709,2,2020-10-07
420,16,2020-10-08
776,9,2020-09-24
259,13,2020-10-19
495,20,2020-10-03
749,20,2020-10-16
529,6,2020-09-26
235,5,2020-09-28
371,7,2020-10-13
106,3,2020-10-03
558,13,2020-10-11
419,8,2020-10-09
343,0,2020-10-13
114,13,2020-10-14
501,2,2020-10-12
385,5,2020-10-21
203,13,2020-09-27
623,11,2020-10-03
505,12,2020-10-16
297,10,2020-10-09
484,8,2020-09-29
182,8,2020-10-12
129,8,2020-10-18
507,10,2020-10-04
438,10,2020-10-15
469,5,2020-09-29
20,16,2020-10-21
96,10,2020-10-07
641,2,2020-09-28
674,7,2020-10-01
266,7,2020-10-12
276,9,2020-10-11
653,4,2020-09-29
241,18,2020-10-06
222,11,2020-10-05
575,14,2020-10-10
500,7,2020-10-05
8,15,2020-10-21
504,5,2020-10-14
268,4,2020-09-26
118,5,2020-10-12
712,9,2020-10-17
387,1,2020-10-08
436,8,2020-10-03
264,11,2020-10-04
518,3,2020-10-13
477,1,2020-10-20
460,15,2020-09-25
102,13,2020-09-25
5,0,2020-09-26
431,6,2020-09-29
476,16,2020-10-12
600,15,2020-10-08
375,9,2020-10-02
649,2,2020-10-21
547,2,2020-10-01
104,10,2020-10-17
156,19,2020-10-08
364,7,2020-10-08
702,3,2020-10-06
374,3,2020-10-04
540,0,2020-10-08
360,4,2020-10-11
259,3,2020-10-08
715,10,2020-09-24
358,4,2020-10-01
600,10,2020-09-30
474,3,2020-10-02
24,17,2020-10-09
423,14,2020-10-09
44,4,2020-10-22
58,15,2020-10-07
453,8,2020-10-09
610,7,2020-10-12
119,10,2020-10-14
326,14,2020-10-21
648,13,2020-09-29
533,11,2020-10-06
301,2,2020-10-06
800,10,2020-10-17
138,11,2020-10-08
665,15,2020-10-21
742,8,2020-10-02
749,11,2020-10-13
164,19,2020-10-15
709,11,2020-10-22
733,6,2020-10-08
651,15,2020-10-17
273,12,2020-10-04
316,0,2020-10-19
404,18,2020-10-15
404,20,2020-09-28
785,6,2020-10-15
766,17,2020-10-05
493,16,2020-10-10
709,13,2020-10-18
443,15,2020-10-16
646,15,2020-10-06
422,16,2020-10-20
650,10,2020-10-18
742,19,2020-09-25
216,5,2020-10-02
441,13,2020-10-03
529,16,2020-10-13
563,16,2020-09-25
473,7,2020-10-19
193,14,2020-10-15
585,9,2020-10-21
194,11,2020-10-16
336,13,2020-10-02
61,11,2020-10-09
201,3,2020-10-04
652,1,2020-10-07
567,7,2020-09-28
86,1,2020-09-25
543,7,2020-09-28
633,15,2020-09-27
273,14,2020-10-16
786,12,2020-10-09
462,10,2020-10-12
696,10,2020-10-19
53,19,2020-10-22
626,13,2020-10-19
307,3,2020-10-08
618,2,2020-09-27
155,18,2020-09-24
120,20,2020-10-13
780,8,2020-10-01
767,4,2020-10-14
497,4,2020-10-13
500,15,2020-10-14
127,19,2020-10-12
523,20,2020-10-17
62,12,2020-10-03
442,18,2020-10-21
563,20,2020-10-22
582,4,2020-10-08
398,20,2020-10-18
541,19,2020-10-19
302,18,2020-10-07
574,11,2020-10-10
637,12,2020-10-01
315,8,2020-09-29
424,15,2020-10-05
34,8,2020-10-07
103,3,2020-10-04
532,4,2020-10-19
395,19,2020-10-21
741,15,2020-10-21
420,7,2020-10-02
264,3,2020-10-01
152,15,2020-09-25
171,18,2020-09-28
686,2,2020-10-11
31,7,2020-10-10
236,12,2020-10-18
634,14,2020-10-17
494,19,2020-09-27
716,20,2020-10-08
454,5,2020-10-13
213,20,2020-10-12
633,7,2020-10-01
691,12,2020-10-17
307,8,2020-09-30
243,10,2020-09-25
549,17,2020-09-25
541,2,2020-10-01
533,2,2020-10-19
401,7,2020-10-18
108,2,2020-09-25
291,3,2020-10-15
233,11,2020-09-26
307,20,2020-10-13
385,4,2020-10-22
570,15,2020-10-06
648,7,2020-10-07
467,2,2020-10-08
691,3,2020-09-30
783,17,2020-10-06
69,20,2020-09-24
137,13,2020-10-09
2,3,2020-10-01
670,5,2020-10-20
277,19,2020-10-15
444,11,2020-10-20
212,10,2020-10-11
796,13,2020-09-27
516,18,2020-10-03
48,9,2020-10-10
31,5,2020-10-08
93,0,2020-09-30
547,12,2020-10-20
267,12,2020-10-08
668,19,2020-10-16
330,4,2020-09-28
239,15,2020-10-15
298,4,2020-10-09
95,11,2020-10-01
607,1,2020-10-07
348,19,2020-10-04
795,16,2020-09-28
132,2,2020-10-15
757,9,2020-10-05
458,7,2020-09-25
764,2,2020-10-20
361,17,2020-10-17
756,18,2020-09-29
658,16,2020-10-06
261,4,2020-10-12
739,6,2020-10-18
549,8,2020-10-21
12,2,2020-09-26
153,4,2020-09-30
282,4,2020-10-22
766,13,2020-09-30
714,11,2020-10-13
707,7,2020-10-11
615,16,2020-10-11
389,17,2020-10-14
713,18,2020-10-06
762,16,2020-10-18
10,17,2020-10-03
517,20,2020-10-01
321,18,2020-10-17
304,1,2020-10-19
57,2,2020-10-16
124,1,2020-10-17
344,7,2020-10-05
788,7,2020-09-24
253,3,2020-10-07
257,11,2020-10-01
381,10,2020-10-10
661,2,2020-10-02
79,18,2020-10-11
601,11,2020-09-28
479,2,2020-10-17
491,2,2020-10-18
229,7,2020-10-06
619,18,2020-10-14
593,10,2020-09-28
185,13,2020-10-11
776,1,2020-10-15
319,15,2020-10-06
565,20,2020-09-24
690,7,2020-10-15
291,3,2020-10-15
394,2,2020-09-26
488,8,2020-10-05
207,4,2020-09-24
30,2,2020-10-04
373,16,2020-10-03
798,17,2020-10-18
699,3,2020-10-14
748,13,2020-09-28
724,10,2020-10-10
750,0,2020-10-17
764,14,2020-10-22
256,9,2020-09-26
560,11,2020-09-30
543,5,2020-10-22
358,13,2020-10-10
210,18,2020-09-28
499,7,2020-10-11
89,6,2020-10-12
767,0,2020-10-08
74,2,2020-09-24
570,11,2020-10-05
126,7,2020-10-14
232,17,2020-09-25
777,12,2020-10-20
471,3,2020-10-07
552,9,2020-10-16
482,11,2020-10-08
520,0,2020-09-26
141,10,2020-10-06
79,8,2020-10-02
348,2,2020-10-13
153,17,2020-10-03
615,13,2020-10-20
609,8,2020-09-26
342,3,2020-10-07
688,2,2020-09-29
69,9,2020-10-03
769,10,2020-09-28
522,1,2020-09-27
398,11,2020-10-01
453,7,2020-10-21
103,14,2020-10-16
301,6,2020-10-06
411,1,2020-09-27
91,3,2020-09-28
302,12,2020-09-29
336,13,2020-10-07
239,18,2020-10-05
108,9,2020-09-30
668,5,2020-10-20
752,13,2020-10-12
131,19,2020-09-30
155,12,2020-10-04
241,9,2020-10-04
361,2,2020-10-14
584,4,2020-09-24
390,4,2020-10-13
542,7,2020-09-26
92,11,2020-09-28
150,1,2020-09-24
196,7,2020-09-28
668,8,2020-10-17
454,10,2020-10-17
348,8,2020-10-17
383,15,2020-10-15
445,15,2020-09-30
350,1,2020-10-21
485,19,2020-10-14
131,7,2020-10-16
718,4,2020-10-17
729,13,2020-10-14
2,10,2020-10-14
426,7,2020-10-08
130,18,2020-10-11
717,9,2020-09-30
570,4,2020-10-04
697,11,2020-09-28
392,19,2020-10-15
363,16,2020-10-15
275,7,2020-10-09
304,15,2020-10-04
391,7,2020-10-22
739,17,2020-10-02
656,6,2020-10-17
310,10,2020-10-21
326,0,2020-10-13
636,16,2020-09-26
585,1,2020-10-05
631,0,2020-10-13
479,10,2020-10-10
539,15,2020-09-30
722,1,2020-10-03
574,19,2020-10-10
108,1,2020-10-07
560,1,2020-10-22
26,18,2020-10-22
385,18,2020-10-05
71,12,2020-10-15
718,3,2020-10-17
117,0,2020-10-10
719,2,2020-09-30
664,0,2020-09-24
368,18,2020-10-16
385,9,2020-10-12
76,1,2020-10-14
485,5,2020-09-27
389,7,2020-10-06
478,4,2020-10-20
419,10,2020-10-18
241,13,2020-10-13
595,0,2020-09-25
722,12,2020-10-21
530,1,2020-10-17
391,14,2020-09-30
512,13,2020-09-29
225,13,2020-10-17
721,3,2020-10-06
361,11,2020-10-05
637,0,2020-09-26
138,6,2020-09-25
102,6,2020-10-10
269,12,2020-10-15
160,1,2020-10-12
572,2,2020-09-29
352,14,2020-10-21
371,9,2020-09-24
167,17,2020-10-14
591,0,2020-10-18
720,16,2020-10-16
697,10,2020-10-20
557,15,2020-10-13
120,3,2020-10-13
194,10,2020-09-30
540,7,2020-10-11
220,17,2020-10-16
293,14,2020-10-06
327,5,2020-10-14
175,4,2020-10-13
462,15,2020-10-16
634,14,2020-10-07
304,18,2020-10-05
131,11,2020-10-18
219,9,2020-10-20
110,4,2020-09-26
9,18,2020-10-09
245,16,2020-10-05
521,5,2020-09-25
84,3,2020-10-16
471,1,2020-10-12
656,5,2020-09-30
233,17,2020-10-02
239,16,2020-10-12
679,12,2020-10-04
489,16,2020-10-21
634,3,2020-10-04
14,16,2020-09-28
393,20,2020-10-13
695,10,2020-09-26
303,15,2020-10-13
769,13,2020-10-11
63,4,2020-10-14
209,4,2020-10-02
31,3,2020-10-16
700,2,2020-09-25
297,8,2020-09-26
232,1,2020-09-25
117,1,2020-10-22
406,16,2020-09-26
655,17,2020-10-09
62,7,2020-10-03
2,11,2020-09-25
423,15,2020-10-17
124,12,2020-10-20
373,19,2020-10-19
195,2,2020-10-15
729,18,2020-09-25
170,17,2020-10-16
612,13,2020-09-26
596,15,2020-10-14
198,15,2020-09-25
51,18,2020-10-12
45,12,2020-09-28
79,2,2020-09-28
45,14,2020-10-10
698,6,2020-09-29
780,1,2020-09-28
478,7,2020-10-10
653,17,2020-10-12
278,7,2020-09-26
345,14,2020-10-18
383,18,2020-10-09
546,4,2020-10-20
594,0,2020-10-13
306,12,2020-10-19
666,1,2020-10-18
196,1,2020-10-20
360,11,2020-10-05
786,20,2020-10-08
223,1,2020-10-03
284,18,2020-10-14
59,6,2020-10-15
335,13,2020-09-26
737,2,2020-10-10
45,17,2020-09-24
156,12,2020-10-20
679,18,2020-10-07
5,19,2020-10-05
563,15,2020-09-29
779,9,2020-10-21
108,5,2020-09-30
596,10,2020-09-29
122,2,2020-10-19
213,19,2020-10-18
378,1,2020-10-17
702,8,2020-09-30
225,17,2020-10-09
146,20,2020-10-18
143,3,2020-10-12
531,15,2020-10-13
589,5,2020-10-19
371,8,2020-10-06
242,11,2020-09-30
217,15,2020-09-29
225,15,2020-10-04
717,18,2020-10-03
240,14,2020-10-18
758,15,2020-10-01
72,7,2020-10-18
226,20,2020-09-30
149,3,2020-10-10
327,10,2020-10-04
108,10,2020-10-19
369,0,2020-10-05
533,1,2020-09-28
112,11,2020-10-16
799,3,2020-09-25
290,4,2020-10-08
493,12,2020-09-28
386,7,2020-10-13
107,16,2020-09-29
392,6,2020-09-27
608,7,2020-10-05
685,15,2020-10-07
144,20,2020-10-04
569,2,2020-09-24
183,0,2020-09-26
375,18,2020-10-08
220,18,2020-10-14
120,5,2020-10-07
456,13,2020-10-03
708,7,2020-10-03
734,1,2020-10-15
516,8,2020-10-16
131,10,2020-10-06
697,10,2020-10-13
110,20,2020-10-20
29,15,2020-10-06
56,9,2020-10-20
688,8,2020-10-06
655,5,2020-10-19
500,15,2020-10-12
727,13,2020-10-07
437,1,2020-10-16
496,17,2020-10-14
168,8,2020-09-29
446,1,2020-10-12
193,7,2020-10-20
512,4,2020-09-26
1,16,2020-09-30
691,9,2020-10-04
721,11,2020-10-18
99,7,2020-10-03
49,2,2020-09-30
342,1,2020-09-30
342,10,2020-10-22
129,2,2020-10-13
686,17,2020-10-15
591,2,2020-10-06
348,11,2020-10-07
498,6,2020-10-13
608,0,2020-10-02
427,9,2020-10-20
369,20,2020-10-12
104,10,2020-10-06
425,0,2020-10-05
98,6,2020-09-25
273,8,2020-09-27
31,8,2020-10-21
75,5,2020-10-21
260,7,2020-10-11
668,4,2020-09-26
121,5,2020-10-10
646,7,2020-10-14
478,12,2020-10-21
453,12,2020-10-14
655,5,2020-10-19
456,0,2020-10-22
239,11,2020-10-12
80,17,2020-10-07
150,19,2020-09-27
316,0,2020-10-16
529,5,2020-09-26
40,13,2020-10-20
486,1,2020-09-27
99,0,2020-10-18
574,18,2020-10-06
348,10,2020-10-08
219,15,2020-10-19
269,17,2020-10-13
395,19,2020-10-09
501,11,2020-10-14
276,0,2020-10-02
767,12,2020-10-21
627,15,2020-09-26
537,11,2020-10-11
377,12,2020-10-20
646,2,2020-10-02
167,15,2020-10-18
549,18,2020-10-20
590,19,2020-10-04
260,5,2020-09-29
283,4,2020-09-24
401,6,2020-10-09
560,18,2020-10-17
495,15,2020-10-07
66,3,2020-10-19
382,2,2020-09-25
466,4,2020-09-26
304,18,2020-10-20
133,20,2020-10-01
172,16,2020-10-09
799,15,2020-10-17
366,11,2020-10-21
66,3,2020-10-14
186,3,2020-10-17
21,14,2020-10-04
356,9,2020-09-28
196,16,2020-10-22
647,3,2020-10-02
194,8,2020-09-28
677,3,2020-10-02
790,10,2020-10-03
667,11,2020-10-11
565,0,2020-10-12
673,2,2020-10-16
728,15,2020-10-22
622,15,2020-10-20
16,8,2020-09-28
426,20,2020-09-28
458,15,2020-09-25
650,7,2020-10-22
199,13,2020-10-10
299,16,2020-10-04
139,13,2020-10-15
322,19,2020-10-20
692,9,2020-10-04
420,13,2020-10-11
276,6,2020-10-03
385,9,2020-10-08
224,13,2020-10-21
716,15,2020-10-05
612,17,2020-10-22
487,6,2020-10-01
536,5,2020-10-21
408,5,2020-10-03
720,12,2020-10-08
73,13,2020-10-04
604,8,2020-10-05
466,11,2020-10-12
397,19,2020-10-16
66,15,2020-09-28
396,6,2020-10-03
33,18,2020-10-02
314,8,2020-10-17
636,9,2020-09-30
53,2,2020-10-09
238,4,2020-09-24
170,3,2020-10-06
280,2,2020-10-02
250,8,2020-10-11
269,0,2020-10-04
763,20,2020-10-05
77,14,2020-10-21
440,16,2020-09-24
425,12,2020-10-16
742,3,2020-10-02
388,6,2020-10-01
720,9,2020-10-16
451,4,2020-09-26
280,0,2020-09-27
431,16,2020-10-01
599,3,2020-09-27
337,17,2020-10-06
13,5,2020-10-15
205,20,2020-09-24
646,9,2020-10-11
79,19,2020-10-01
590,17,2020-10-09
216,16,2020-10-21
452,4,2020-10-20
283,12,2020-10-20
538,19,2020-10-05
273,20,2020-10-03
464,8,2020-09-26
357,17,2020-09-27
535,18,2020-10-21
338,19,2020-10-08
546,8,2020-09-27
216,6,2020-10-03
666,1,2020-10-02
311,13,2020-09-30
398,1,2020-10-17
233,7,2020-10-13
266,20,2020-09-30
491,2,2020-10-08
537,16,2020-09-28
647,11,2020-10-10
406,4,2020-10-03
356,14,2020-09-25
182,15,2020-10-14
378,4,2020-10-07
794,6,2020-10-09
310,12,2020-10-04
426,10,2020-09-26
31,18,2020-10-03
539,20,2020-10-21
67,4,2020-10-17
591,0,2020-09-29
464,14,2020-10-22
366,20,2020-10-12
127,13,2020-10-19
127,18,2020-10-16
581,13,2020-10-11
671,1,2020-10-01
286,1,2020-10-11
795,19,2020-09-26
798,5,2020-09-29
730,18,2020-09-25
13,13,2020-10-08
549,12,2020-10-20
591,3,2020-10-20
366,2,2020-09-26
14,4,2020-10-20
50,19,2020-10-03
372,20,2020-10-15
262,4,2020-09-26
464,13,2020-09-30
415,15,2020-10-03
48,11,2020-10-19
758,8,2020-09-24
772,20,2020-10-15
3,15,2020-10-11
561,1,2020-10-09
442,1,2020-09-27
480,1,2020-10-13
477,15,2020-10-11
107,8,2020-09-28
340,6,2020-10-02
332,16,2020-10-06
683,10,2020-09-29
250,7,2020-10-04
403,18,2020-10-17
741,10,2020-10-18
613,18,2020-10-01
578,1,2020-10-07
753,7,2020-10-05
213,10,2020-10-09
327,20,2020-10-04
627,0,2020-10-18
451,9,2020-10-15
60,9,2020-10-22
288,18,2020-10-05
330,18,2020-10-15
270,15,2020-10-22
140,2,2020-09-25
624,2,2020-10-13
574,8,2020-10-02
372,18,2020-10-22
258,1,2020-10-05
51,5,2020-10-04
623,11,2020-10-17
621,16,2020-10-17
76,11,2020-10-22
672,10,2020-10-09
632,13,2020-10-05
160,0,2020-10-20
626,12,2020-10-11
790,19,2020-09-27
580,4,2020-09-25
230,20,2020-10-06
558,20,2020-10-14
447,17,2020-09-30
396,0,2020-10-06
372,8,2020-10-01
659,14,2020-10-05
188,20,2020-10-05
775,16,2020-10-13
311,11,2020-10-22
513,15,2020-10-03
789,4,2020-10-05
271,19,2020-09-29
784,1,2020-10-17
239,5,2020-10-09
261,13,2020-09-29
82,1,2020-09-28
462,2,2020-10-03
169,9,2020-10-05
598,6,2020-10-15
191,11,2020-10-18
1,3,2020-10-04
258,8,2020-10-13
294,1,2020-10-21
212,9,2020-10-09
208,16,2020-10-08
281,15,2020-10-01
131,6,2020-10-06
401,10,2020-10-15
69,6,2020-10-10
270,2,2020-10-05
506,17,2020-10-15
659,13,2020-10-05
506,12,2020-10-13
276,1,2020-10-10
718,3,2020-10-19
573,7,2020-10-01
265,6,2020-10-22
607,14,2020-10-20
391,15,2020-09-28
366,2,2020-10-03
237,2,2020-10-12
309,19,2020-09-25
20,0,2020-10-03
647,1,2020-09-30
694,2,2020-09-26
419,3,2020-09-28
428,7,2020-09-26
293,6,2020-10-02
576,4,2020-10-03
72,1,2020-10-03
464,17,2020-10-18
226,18,2020-09-28
592,4,2020-10-09
354,1,2020-10-16
464,8,2020-09-30
363,9,2020-10-05
475,19,2020-10-13
767,17,2020-10-08
619,7,2020-10-18
471,2,2020-10-06
450,2,2020-09-29
213,20,2020-10-13
617,12,2020-10-18
87,18,2020-10-14
605,12,2020-09-30
667,3,2020-10-20
540,10,2020-10-10
136,8,2020-10-06
136,0,2020-10-20
4,14,2020-10-19
113,20,2020-10-02
536,6,2020-10-19
786,17,2020-09-29
256,20,2020-09-29
354,5,2020-10-15
545,10,2020-10-08
43,0,2020-10-15
104,0,2020-10-17
532,4,2020-09-25
458,19,2020-10-09
461,3,2020-10-17
373,20,2020-09-24
642,5,2020-10-01
74,10,2020-10-16
725,18,2020-10-19
92,2,2020-09-28
365,13,2020-10-05
184,14,2020-10-17
366,10,2020-10-05
364,6,2020-10-20
141,16,2020-10-16
694,8,2020-10-17
521,8,2020-10-14
235,18,2020-10-10
707,14,2020-10-12
522,12,2020-10-20
54,16,2020-09-27
331,12,2020-10-05
525,16,2020-10-03
726,20,2020-10-07
783,6,2020-10-14
310,18,2020-09-27
668,6,2020-09-29
440,8,2020-10-02
441,14,2020-10-11
417,6,2020-10-15
438,6,2020-10-17
13,2,2020-09-30
321,7,2020-10-10
402,0,2020-10-11
643,12,2020-10-11
77,2,2020-10-19
159,7,2020-10-15
339,3,2020-10-17
195,10,2020-09-30
126,10,2020-10-12
262,0,2020-10-17
229,11,2020-10-03
187,15,2020-10-12
119,19,2020-09-25
654,6,2020-10-14
448,18,2020-10-18
56,2,2020-09-25
430,3,2020-10-05
488,10,2020-09-24
329,18,2020-09-25
158,4,2020-10-09
566,10,2020-10-18
412,18,2020-09-28
488,18,2020-10-12
647,11,2020-09-28
653,1,2020-10-12
194,8,2020-09-29
383,20,2020-10-02
203,12,2020-09-24
762,20,2020-10-10
453,7,2020-10-15
477,13,2020-10-01
103,8,2020-10-16
402,11,2020-10-20
279,19,2020-10-14
722,1,2020-10-14
413,13,2020-10-03
86,20,2020-09-26
659,8,2020-10-10
107,10,2020-09-27
370,0,2020-10-10
486,1,2020-09-25
64,17,2020-09-30
18,7,2020-10-11
390,18,2020-10-21
240,18,2020-10-15
325,8,2020-09-25
20,1,2020-10-21
169,11,2020-10-20
442,11,2020-09-25
765,7,2020-10-13
453,2,2020-10-02
800,20,2020-10-06
574,2,2020-09-27
330,14,2020-10-22
517,16,2020-10-18
650,11,2020-10-18
409,18,2020-10-08
389,20,2020-10-03
202,6,2020-09-30
696,3,2020-10-01
414,11,2020-10-19
389,11,2020-10-14
795,19,2020-10-11
137,8,2020-09-26
133,12,2020-10-16
232,19,2020-09-30
772,8,2020-10-01
77,3,2020-09-28
108,7,2020-10-05
440,9,2020-10-22
526,14,2020-10-16
213,14,2020-10-05
38,20,2020-10-17
517,8,2020-10-03
410,9,2020-10-21
318,9,2020-10-14
294,15,2020-09-29
458,1,2020-09-26
707,11,2020-10-01
202,4,2020-10-04
82,6,2020-09-24
329,15,2020-10-13
52,11,2020-09-27
523,16,2020-10-07
82,1,2020-10-17
609,14,2020-10-21
799,3,2020-10-15
620,10,2020-09-25
693,2,2020-09-28
128,16,2020-10-21
28,8,2020-10-18
641,17,2020-09-26
587,10,2020-10-01
143,11,2020-10-06
154,19,2020-10-20
455,14,2020-10-15
13,8,2020-09-29
372,20,2020-10-16
413,12,2020-10-17
330,2,2020-10-03
123,20,2020-10-04
512,20,2020-10-05
79,20,2020-10-13
489,8,2020-10-11
233,18,2020-10-03
361,6,2020-09-26
285,15,2020-10-05
48,19,2020-10-08
48,12,2020-09-25
423,19,2020-10-18
664,2,2020-10-21
179,19,2020-10-13
36,2,2020-10-15
305,17,2020-10-07
204,8,2020-10-14
60,19,2020-10-08
197,16,2020-10-22
421,3,2020-10-17
26,8,2020-10-10
620,7,2020-10-05
743,6,2020-10-14
120,2,2020-10-12
438,15,2020-10-19
247,17,2020-10-17
732,6,2020-10-18
131,20,2020-10-03
114,16,2020-10-15
155,10,2020-10-18
50,7,2020-10-16
13,15,2020-10-17
791,9,2020-10-07
517,3,2020-10-09
591,8,2020-10-14
355,4,2020-10-13
387,20,2020-10-15
366,15,2020-09-29
492,19,2020-10-06
39,10,2020-10-10
661,13,2020-09-29
773,16,2020-10-06
597,4,2020-10-19
796,11,2020-09-28
65,10,2020-09-26
461,7,2020-10-09
748,3,2020-10-22
760,3,2020-10-02
220,10,2020-10-15
261,12,2020-10-03
134,19,2020-09-29
116,1,2020-10-10
576,10,2020-10-14
784,11,2020-10-21
512,15,2020-10-06
363,16,2020-10-11
462,13,2020-10-05
96,1,2020-10-10
85,15,2020-10-05
417,13,2020-10-02
602,13,2020-10-22
586,5,2020-10-05
276,17,2020-10-22
50,6,2020-10-22
35,13,2020-09-28
434,17,2020-09-30
36,9,2020-10-05
62,20,2020-09-25
309,0,2020-10-21
589,18,2020-10-02
461,6,2020-09-30
223,17,2020-10-06
117,7,2020-10-11
688,9,2020-10-14
511,3,2020-10-17
696,19,2020-10-06
765,15,2020-09-30
569,5,2020-10-07
231,18,2020-10-09
729,2,2020-10-11
479,9,2020-09-28
736,12,2020-10-08
420,6,2020-10-17
679,9,2020-10-04
329,4,2020-10-02
214,17,2020-10-01
623,3,2020-10-04
787,0,2020-10-22
711,14,2020-10-12
651,9,2020-10-14
591,17,2020-10-07
340,0,2020-10-12
95,2,2020-10-20
680,3,2020-10-19
362,0,2020-10-06
588,3,2020-10-09
458,6,2020-10-07
67,14,2020-10-13
188,15,2020-09-24
91,12,2020-10-17
774,13,2020-10-09
352,19,2020-10-11
26,1,2020-10-14
194,6,2020-10-15
20,5,2020-10-11
363,1,2020-10-13
153,5,2020-09-25
80,18,2020-09-26
244,4,2020-09-24
249,0,2020-10-09
67,11,2020-10-04
361,14,2020-10-12
179,6,2020-10-07
673,15,2020-10-01
344,0,2020-10-04
47,1,2020-09-25
216,4,2020-10-22
270,14,2020-10-02
124,8,2020-10-11
115,8,2020-10-19
663,2,2020-10-18
380,0,2020-10-22
568,14,2020-10-15
378,1,2020-10-06
654,11,2020-10-03
270,14,2020-10-08
167,19,2020-10-02
488,9,2020-10-07
189,19,2020-10-02
690,17,2020-09-29
727,8,2020-10-03
428,4,2020-10-18
660,15,2020-09-25
738,17,2020-10-10
431,17,2020-09-24
53,0,2020-10-13
201,14,2020-10-21
186,7,2020-10-19
784,2,2020-10-19
457,15,2020-09-27
375,19,2020-10-18
488,16,2020-10-20
82,20,2020-10-03
711,10,2020-09-25
753,5,2020-10-16
690,9,2020-10-06
659,11,2020-09-30
397,12,2020-10-11
133,6,2020-09-27
600,6,2020-10-22
21,8,2020-10-08
217,18,2020-10-01
502,2,2020-10-16
227,15,2020-10-03
554,1,2020-10-15
612,7,2020-10-03
199,7,2020-10-08
737,12,2020-09-29
554,6,2020-10-07
368,4,2020-10-18
526,14,2020-10-07
662,13,2020-10-07
344,3,2020-10-05
350,5,2020-10-21
658,9,2020-10-07
308,0,2020-10-07
770,10,2020-09-29
567,19,2020-10-06
141,13,2020-10-10
324,9,2020-10-09
100,4,2020-10-16
634,6,2020-10-08
749,19,2020-10-04
339,10,2020-10-07
245,14,2020-10-02
301,10,2020-10-09
304,2,2020-10-18
522,16,2020-10-13
371,15,2020-10-08
508,10,2020-10-18
59,3,2020-09-30
33,16,2020-10-10
414,2,2020-10-18
505,14,2020-09-27
784,1,2020-10-02
401,15,2020-09-26
569,0,2020-10-10
390,15,2020-10-18
211,20,2020-10-08
78,16,2020-10-18
730,14,2020-09-24
443,5,2020-10-01
717,5,2020-09-30
44,20,2020-10-02
366,15,2020-10-09
245,14,2020-10-13
203,3,2020-10-05
39,17,2020-09-29
501,2,2020-10-16
254,0,2020-10-22
513,11,2020-10-06
166,1,2020-10-04
343,9,2020-10-04
285,16,2020-10-14
68,0,2020-10-04
158,5,2020-09-27
125,5,2020-10-12
278,5,2020-10-06
398,15,2020-10-20
285,19,2020-09-29
61,1,2020-09-30
36,17,2020-09-24
494,10,2020-10-03
345,8,2020-10-09
559,7,2020-10-07
349,10,2020-10-11
414,1,2020-10-20
345,15,2020-09-26
294,7,2020-10-13
13,8,2020-10-05
242,8,2020-09-25
345,14,2020-09-30
536,15,2020-09-28
800,0,2020-09-27
488,13,2020-10-19
797,7,2020-10-17
798,11,2020-10-02
506,20,2020-10-20
495,2,2020-10-08
652,14,2020-10-18
174,19,2020-09-26
83,10,2020-09-25
721,18,2020-10-05
89,0,2020-10-06
377,4,2020-10-12
502,11,2020-10-19
596,9,2020-10-10
250,20,2020-09-24
193,5,2020-10-21
97,11,2020-10-21
752,18,2020-10-04
706,18,2020-10-07
338,0,2020-09-28
347,3,2020-10-08
236,1,2020-10-20
616,8,2020-10-13
534,18,2020-10-20
425,2,2020-10-21
511,2,2020-10-12
70,0,2020-10-22
743,18,2020-10-07
394,8,2020-10-05
128,4,2020-10-22
154,5,2020-09-30
760,12,2020-10-14
446,1,2020-10-05
349,13,2020-10-13
37,5,2020-10-13
574,10,2020-10-11
726,6,2020-10-19
107,14,2020-10-13
40,13,2020-10-13
685,10,2020-09-28
126,17,2020-10-05
648,17,2020-10-09
746,1,2020-10-13
716,15,2020-10-13
143,13,2020-10-20
42,15,2020-10-05
742,20,2020-10-01
722,10,2020-10-15
30,19,2020-10-02
245,8,2020-10-09
621,14,2020-09-25
708,1,2020-10-06
656,6,2020-10-20
190,8,2020-10-05
526,16,2020-09-26
497,6,2020-10-09
680,12,2020-09-29
406,5,2020-09-28
12,20,2020-10-22
572,7,2020-10-18
495,7,2020-10-21
280,3,2020-09-25
566,13,2020-10-11
37,11,2020-10-05
673,17,2020-10-16
693,20,2020-10-14
55,6,2020-09-30
409,14,2020-10-17
299,2,2020-10-17
738,15,2020-09-30
526,3,2020-10-07
44,14,2020-10-15
557,11,2020-10-15
111,16,2020-10-03
527,12,2020-10-16
314,9,2020-10-14
257,9,2020-10-20
684,11,2020-10-01
597,19,2020-10-21
569,17,2020-10-18
764,4,2020-10-04
671,2,2020-10-06
204,3,2020-10-11
544,18,2020-10-11
579,4,2020-10-11
510,7,2020-09-30
719,0,2020-10-01
602,6,2020-10-01
398,14,2020-10-02
227,2,2020-10-02
256,19,2020-09-29
71,14,2020-10-13
27,8,2020-10-14
280,14,2020-10-03
274,2,2020-09-26
719,9,2020-09-30
137,11,2020-10-04
260,2,2020-09-24
293,6,2020-10-02
532,4,2020-10-18
454,15,2020-10-19
550,14,2020-10-20
780,15,2020-09-27
652,6,2020-09-29
494,15,2020-10-13
472,11,2020-10-03
276,6,2020-09-25
789,0,2020-10-01
12,6,2020-09-29
537,16,2020-10-21
720,3,2020-10-17
591,17,2020-09-28
671,11,2020-10-20
133,1,2020-10-21
139,14,2020-10-14
540,1,2020-09-24
188,13,2020-10-10
382,12,2020-09-30
45,9,2020-09-26
335,15,2020-10-06
237,11,2020-10-11
137,16,2020-10-04
442,18,2020-09-26
437,8,2020-10-01
84,0,2020-10-22
328,3,2020-10-20
409,9,2020-10-07
61,1,2020-10-21
523,20,2020-10-18
705,18,2020-10-02
701,16,2020-10-12
666,2,2020-10-09
151,1,2020-10-11
592,16,2020-10-20
647,18,2020-10-11
171,6,2020-10-01
84,6,2020-10-15
61,0,2020-10-09
595,13,2020-09-24
411,16,2020-10-05
166,14,2020-10-15
181,14,2020-10-07
43,15,2020-10-11
774,5,2020-10-02
678,4,2020-09-25
576,12,2020-10-02
356,13,2020-09-29
96,15,2020-09-28
326,5,2020-10-19
59,2,2020-09-30
13,11,2020-10-20
658,16,2020-10-03
382,7,2020-09-29
782,14,2020-10-06
464,13,2020-10-02
476,15,2020-10-16
666,3,2020-10-20
228,20,2020-10-02
623,1,2020-10-14
777,10,2020-10-01
104,9,2020-09-30
609,12,2020-10-10
433,4,2020-09-27
536,6,2020-10-06
145,8,2020-10-22
141,7,2020-10-17
223,19,2020-10-08
149,3,2020-10-01
391,3,2020-09-29
266,20,2020-09-29
649,11,2020-10-13
605,1,2020-10-03
420,3,2020-10-18
454,18,2020-09-30
267,10,2020-10-11
731,3,2020-10-11
766,11,2020-09-26
731,0,2020-10-01
636,13,2020-09-29
516,15,2020-09-24
653,19,2020-09-24
544,4,2020-10-08
145,19,2020-10-11
262,4,2020-10-12
40,18,2020-10-11
173,19,2020-09-26
181,2,2020-09-29
747,1,2020-10-09
426,5,2020-10-07
95,13,2020-10-22
600,5,2020-10-04
734,13,2020-10-10
224,10,2020-10-16
659,4,2020-10-03
91,9,2020-10-11
554,12,2020-09-25
395,19,2020-09-28
157,17,2020-10-11
537,17,2020-10-20
188,5,2020-10-15
359,18,2020-10-16
18,11,2020-10-03
613,0,2020-10-21
185,12,2020-10-20
307,11,2020-10-09
137,9,2020-10-19
758,10,2020-10-19
594,3,2020-10-20
658,8,2020-09-28
269,7,2020-10-11
666,14,2020-09-24
415,10,2020-10-20
294,2,2020-10-15
572,8,2020-09-29
27,2,2020-10-11
451,13,2020-10-12
479,9,2020-09-25
712,4,2020-10-17
700,20,2020-10-10
404,8,2020-09-28
701,4,2020-10-06
213,11,2020-09-28
309,16,2020-10-06
458,18,2020-10-14
222,19,2020-09-29
259,18,2020-10-01
143,1,2020-10-09
65,7,2020-09-26
649,7,2020-10-10
24,5,2020-10-19
350,8,2020-10-20
107,14,2020-10-11
514,18,2020-10-13
484,16,2020-10-15
268,6,2020-10-18
624,0,2020-10-14
63,0,2020-09-29
680,7,2020-10-20
362,3,2020-10-20
74,7,2020-10-01
200,6,2020-10-02
693,4,2020-10-14
345,7,2020-10-02
605,10,2020-09-24
460,4,2020-09-28
528,9,2020-10-02
126,3,2020-10-11
791,18,2020-10-09
236,9,2020-10-11
555,6,2020-09-30
735,9,2020-10-01
551,6,2020-10-17
350,17,2020-09-27
6,14,2020-10-13
506,12,2020-09-29
135,19,2020-10-13
46,5,2020-09-25
733,1,2020-10-01
246,13,2020-10-06
53,20,2020-10-02
477,3,2020-10-02
418,13,2020-10-03
304,11,2020-10-04
710,10,2020-10-01
494,12,2020-09-27
272,7,2020-10-07
430,0,2020-09-29
675,19,2020-10-15
501,7,2020-10-02
534,0,2020-10-19
309,11,2020-10-12
548,8,2020-09-29
235,10,2020-10-05
139,17,2020-10-04
382,11,2020-10-03
659,7,2020-10-09
644,7,2020-10-03
387,14,2020-10-08
482,20,2020-10-18
405,8,2020-09-30
437,15,2020-10-04
141,6,2020-10-13
223,20,2020-10-05
339,10,2020-10-08
209,9,2020-10-05
180,18,2020-10-08
621,1,2020-10-07
107,11,2020-10-08
493,2,2020-10-19
408,3,2020-10-17
123,1,2020-10-13
630,5,2020-10-03
12,15,2020-10-15
562,5,2020-10-06
206,15,2020-10-19
148,3,2020-10-08
197,4,2020-10-10
513,4,2020-09-25
619,17,2020-10-16
245,20,2020-09-27
9,12,2020-10-13
494,1,2020-10-07
308,9,2020-10-15
49,14,2020-10-03
322,12,2020-10-08
49,1,2020-10-11
269,4,2020-10-07
789,2,2020-10-07
44,13,2020-10-06
403,6,2020-10-01
370,6,2020-09-24
661,16,2020-10-09
599,2,2020-09-29
260,4,2020-10-07
322,1,2020-10-04
739,4,2020-10-02
140,15,2020-10-13
581,0,2020-10-15
183,18,2020-10-18
457,5,2020-10-12
366,5,2020-09-28
227,19,2020-10-17
131,17,2020-10-01
315,9,2020-10-17
97,0,2020-10-18
458,7,2020-10-13
23,17,2020-10-19
142,1,2020-10-21
734,19,2020-10-09
434,9,2020-10-01
723,5,2020-10-09
378,16,2020-10-10
134,1,2020-10-05
759,6,2020-10-12
599,13,2020-09-24
526,1,2020-10-02
135,14,2020-10-03
488,18,2020-10-20
756,5,2020-10-19
755,0,2020-09-29
171,11,2020-10-17
464,8,2020-09-29
433,2,2020-09-24
243,13,2020-09-25
455,13,2020-10-04
645,15,2020-09-25
524,8,2020-10-05
795,6,2020-10-01
432,1,2020-10-08
552,2,2020-10-08
614,6,2020-10-02
144,4,2020-10-16
22,8,2020-10-14
674,11,2020-10-17
409,11,2020-10-15
463,7,2020-10-07
65,9,2020-10-06
170,12,2020-09-27
329,17,2020-10-12
620,14,2020-10-18
414,13,2020-09-25
698,0,2020-09-24
668,4,2020-10-15
435,17,2020-10-09
515,3,2020-10-02
725,3,2020-09-27
187,0,2020-09-26
139,5,2020-10-18
452,0,2020-10-10
737,4,2020-10-13
724,8,2020-10-19
350,18,2020-09-30
633,5,2020-09-24
219,13,2020-10-20
572,16,2020-09-28
183,19,2020-10-18
629,15,2020-09-26
251,7,2020-09-27
413,5,2020-10-22
630,17,2020-10-12
349,8,2020-10-10
525,7,2020-10-21
259,20,2020-09-26
498,6,2020-09-25
455,4,2020-10-10
32,2,2020-10-14
2,0,2020-10-21
667,12,2020-10-10
377,4,2020-10-11
250,4,2020-10-14
758,4,2020-09-30
178,17,2020-10-07
676,15,2020-10-21
501,19,2020-10-05
696,10,2020-10-10
520,7,2020-10-01
145,16,2020-10-11
791,13,2020-10-08
591,6,2020-09-28
741,18,2020-10-08
460,10,2020-10-10
576,8,2020-09-28
131,15,2020-10-07
306,8,2020-09-30
541,12,2020-09-29
397,17,2020-10-03
620,14,2020-10-07
419,15,2020-10-06
708,20,2020-09-28
789,19,2020-09-25
698,2,2020-10-10
211,19,2020-10-12
26,1,2020-10-02
254,3,2020-10-22
741,17,2020-10-18
369,15,2020-10-01
114,16,2020-10-11
208,15,2020-10-21
88,1,2020-10-12
795,10,2020-10-02
104,20,2020-10-12
220,0,2020-10-20
297,17,2020-10-14
575,7,2020-09-29
486,1,2020-09-24
207,8,2020-10-09
664,15,2020-09-28
500,3,2020-10-15
720,13,2020-09-28
509,7,2020-09-30
324,12,2020-10-14
304,9,2020-09-28
592,10,2020-10-16
679,7,2020-09-24
169,16,2020-09-26
601,17,2020-10-05
435,17,2020-10-09
542,12,2020-09-24
335,9,2020-10-19
261,8,2020-10-03
117,14,2020-09-27
571,10,2020-10-13
745,16,2020-10-14
80,15,2020-10-20
523,15,2020-10-05
770,18,2020-09-30
748,3,2020-09-30
792,4,2020-10-02
700,7,2020-10-06
565,4,2020-10-17
429,12,2020-10-06
242,10,2020-10-17
113,18,2020-10-06
130,5,2020-10-15
458,17,2020-10-05
773,0,2020-10-10
330,12,2020-10-04
573,9,2020-10-05
155,12,2020-09-26
622,14,2020-10-06
641,20,2020-10-21
155,19,2020-09-25
270,19,2020-10-20
297,0,2020-10-18
465,15,2020-10-06
299,16,2020-09-28
595,8,2020-10-20
637,2,2020-10-13
422,3,2020-09-30
398,3,2020-10-15
431,19,2020-09-26
638,0,2020-10-20
612,19,2020-10-03
265,0,2020-10-03
51,12,2020-10-21
424,8,2020-10-11
240,10,2020-10-19
96,11,2020-10-06
676,20,2020-10-04
504,11,2020-09-24
700,20,2020-10-07
318,16,2020-10-02
641,15,2020-09-28
693,18,2020-10-05
301,8,2020-10-11
415,1,2020-10-09
386,0,2020-10-04
454,7,2020-10-22
621,19,2020-10-15
524,11,2020-10-09
341,11,2020-10-09
375,19,2020-09-26
110,3,2020-10-19
125,2,2020-10-18
350,14,2020-10-05
790,18,2020-10-01
689,20,2020-09-25
212,7,2020-10-19
215,16,2020-10-14
233,4,2020-09-29
251,8,2020-10-07
691,1,2020-10-16
694,18,2020-10-01
631,14,2020-10-17
557,7,2020-10-11
212,0,2020-10-20
195,2,2020-10-18
128,10,2020-10-14
582,12,2020-10-13
9,10,2020-09-25
217,8,2020-10-18
636,13,2020-10-09
78,6,2020-09-24
600,11,2020-10-21
775,3,2020-10-20
29,0,2020-10-17
129,20,2020-10-08
426,20,2020-10-07
719,2,2020-10-13
475,17,2020-10-01
121,0,2020-10-03
77,11,2020-09-25
726,12,2020-09-25
701,18,2020-09-27
622,2,2020-10-19
197,0,2020-10-21
211,18,2020-09-28
262,15,2020-10-02
762,7,2020-10-21
761,20,2020-09-29
602,7,2020-09-25
679,14,2020-10-13
714,14,2020-09-28
350,3,2020-10-20
147,15,2020-10-22
778,6,2020-10-18
472,2,2020-10-04
345,19,2020-10-01
657,10,2020-10-16
383,18,2020-10-17
769,11,2020-10-20
643,17,2020-10-06
679,3,2020-10-15
248,16,2020-09-25
760,4,2020-10-21
75,1,2020-10-03
25,19,2020-10-06
667,7,2020-10-21
58,12,2020-09-30
286,3,2020-10-19
89,13,2020-10-12
630,12,2020-09-24
747,15,2020-10-21
609,4,2020-10-19
1,20,2020-10-18
720,8,2020-09-29
46,17,2020-10-10
53,16,2020-10-06
655,7,2020-10-02
625,15,2020-10-16
543,15,2020-09-29
546,2,2020-10-21
295,16,2020-10-14
135,19,2020-10-01
24,19,2020-10-13
94,19,2020-10-11
640,7,2020-10-11
280,3,2020-10-21
15,11,2020-10-13
339,6,2020-10-21
570,14,2020-09-27
580,16,2020-09-26
109,15,2020-09-26
561,11,2020-10-14
421,1,2020-10-07
653,9,2020-10-05
399,16,2020-10-18
7,14,2020-10-20
217,1,2020-10-13
410,14,2020-10-13
743,18,2020-10-04
237,6,2020-10-21
110,11,2020-10-01
413,13,2020-09-24
407,5,2020-09-28
251,9,2020-10-11
169,12,2020-10-07
65,11,2020-10-21
246,4,2020-09-26
139,6,2020-10-17
181,7,2020-10-19
543,16,2020-10-19
219,5,2020-10-10
330,18,2020-10-10
165,14,2020-10-22
302,10,2020-09-25
577,16,2020-10-07
300,12,2020-10-15
559,18,2020-09-27
681,4,2020-10-04
554,18,2020-10-12
318,6,2020-10-11
80,10,2020-10-10
607,19,2020-10-08
158,6,2020-10-10
632,1,2020-10-14
302,16,2020-10-09
310,9,2020-10-22
123,10,2020-09-30
631,14,2020-10-08
472,2,2020-10-17
178,11,2020-09-29
435,3,2020-10-12
41,4,2020-10-04
507,7,2020-10-18
762,20,2020-10-08
727,20,2020-10-22
101,18,2020-09-29
680,3,2020-09-29
394,19,2020-09-29
690,16,2020-10-02
770,3,2020-10-18
187,19,2020-10-17
84,17,2020-10-16
688,20,2020-10-08
240,12,2020-10-19
420,17,2020-10-10
32,8,2020-10-20
673,10,2020-10-18
568,14,2020-10-05
313,19,2020-09-28
211,8,2020-09-25
617,14,2020-10-18
64,20,2020-10-21
260,19,2020-09-30
489,13,2020-10-22
54,18,2020-10-10
580,3,2020-10-21
366,17,2020-10-13
611,4,2020-10-11
474,19,2020-10-22
451,2,2020-10-20
242,8,2020-10-20
86,7,2020-09-26
3,12,2020-09-25
792,15,2020-10-02
453,5,2020-09-26
311,10,2020-10-04
759,6,2020-10-01
498,1,2020-10-02
150,1,2020-09-24
750,5,2020-10-10
442,5,2020-10-06
223,2,2020-10-03
645,16,2020-10-13
788,5,2020-10-03
434,4,2020-09-24
548,4,2020-10-17
590,8,2020-10-03
171,17,2020-10-07
290,2,2020-10-03
692,12,2020-10-18
672,16,2020-10-13
504,3,2020-10-10
254,14,2020-09-25
644,8,2020-10-03
180,9,2020-10-01
522,14,2020-09-27
132,20,2020-10-05
609,18,2020-10-05
678,13,2020-10-01
568,20,2020-10-21
150,19,2020-10-03
462,17,2020-10-09
440,15,2020-10-16
137,6,2020-10-11
377,20,2020-09-24
743,20,2020-10-18
429,6,2020-10-22
496,14,2020-10-20
346,13,2020-09-24
621,6,2020-09-24
217,2,2020-10-01
570,5,2020-10-04
349,14,2020-10-06
564,0,2020-10-05
173,1,2020-10-11
134,20,2020-09-30
389,8,2020-09-24
267,12,2020-10-03
640,20,2020-10-16
511,11,2020-10-04
524,14,2020-10-08
343,15,2020-09-29
75,16,2020-10-02
746,20,2020-10-20
364,18,2020-10-02
789,1,2020-10-14
413,18,2020-10-04
339,19,2020-10-09
471,0,2020-10-18
107,9,2020-10-12
237,2,2020-10-02
647,15,2020-10-08
647,17,2020-10-02
10,0,2020-10-04
510,18,2020-10-11
312,19,2020-10-11
238,20,2020-10-07
577,8,2020-10-20
91,18,2020-09-30
463,14,2020-10-15
283,8,2020-10-09
148,1,2020-10-10
608,11,2020-10-11
19,4,2020-10-15
630,8,2020-10-13
478,4,2020-10-18
386,15,2020-10-09
213,11,2020-10-01
800,10,2020-09-26
306,17,2020-10-07
373,7,2020-09-24
572,10,2020-10-06
143,5,2020-09-30
580,19,2020-10-08
508,18,2020-09-28
539,6,2020-10-12
542,10,2020-10-14
263,4,2020-10-22
36,2,2020-10-07
406,5,2020-10-14
510,20,2020-10-17
547,9,2020-10-18
105,0,2020-10-10
248,18,2020-09-25
608,4,2020-10-19
631,16,2020-10-15
709,14,2020-10-22
200,0,2020-09-24
684,18,2020-10-01
488,11,2020-10-03
108,14,2020-10-12
516,3,2020-10-19
532,10,2020-10-13
80,14,2020-10-01
84,16,2020-10-20
120,16,2020-10-02
119,6,2020-10-09
777,16,2020-10-20
658,1,2020-10-19
681,4,2020-10-03
533,16,2020-09-27
756,0,2020-10-05
345,6,2020-10-13
179,3,2020-10-08
623,18,2020-10-03
32,14,2020-10-09
560,12,2020-10-08
311,8,2020-10-15
531,1,2020-09-26
772,6,2020-09-29
169,20,2020-09-28
18,19,2020-10-14
103,14,2020-10-02
127,15,2020-10-21
791,0,2020-10-07
592,15,2020-09-30
410,2,2020-10-07
643,8,2020-10-20
179,11,2020-10-12
8,1,2020-10-16
348,15,2020-10-20
95,20,2020-10-03
524,20,2020-10-14
401,3,2020-10-07
75,4,2020-10-11
79,10,2020-09-30
247,1,2020-10-15
155,16,2020-10-12
599,14,2020-10-21
319,7,2020-10-02
180,0,2020-10-03
211,10,2020-10-16
797,18,2020-10-20
99,19,2020-10-01
329,5,2020-10-17
67,12,2020-10-10
348,13,2020-10-13
251,16,2020-10-10
453,6,2020-10-03
655,1,2020-10-21
639,12,2020-09-24
311,19,2020-09-28
326,19,2020-10-15
653,18,2020-10-02
139,5,2020-10-02
793,5,2020-10-03
278,11,2020-09-27
719,0,2020-10-19
176,11,2020-10-05
102,20,2020-10-09
54,2,2020-09-26
294,19,2020-10-16
17,10,2020-09-27
672,3,2020-10-12
233,19,2020-10-18
254,20,2020-10-09
644,1,2020-10-22
79,13,2020-10-07
14,4,2020-10-09
342,1,2020-09-28
785,11,2020-10-10
347,0,2020-10-13
39,3,2020-10-05
232,14,2020-09-26
149,11,2020-10-16
43,7,2020-10-06
474,1,2020-09-28
624,19,2020-09-29
751,7,2020-10-03
539,4,2020-10-15
141,19,2020-10-02
85,0,2020-10-21
611,20,2020-09-26
18,2,2020-10-15
345,12,2020-10-19
693,7,2020-10-10
384,13,2020-09-26
351,4,2020-10-01
303,2,2020-10-03
462,5,2020-10-12
664,19,2020-10-06
106,19,2020-10-10
340,4,2020-10-18
762,6,2020-10-18
360,11,2020-09-30
534,20,2020-10-09
337,15,2020-10-08
783,16,2020-10-01
1,0,2020-10-05
373,9,2020-10-16
695,20,2020-10-07
78,7,2020-10-08
46,14,2020-10-03
520,6,2020-10-19
177,8,2020-10-15
422,15,2020-09-26
771,1,2020-09-27
344,20,2020-10-12
775,20,2020-10-17
644,5,2020-10-11
273,8,2020-10-21
652,13,2020-10-10
274,7,2020-10-14
42,7,2020-10-07
780,4,2020-10-03
407,18,2020-10-02
706,16,2020-09-25
55,19,2020-10-16
336,10,2020-09-29
737,2,2020-09-24
62,10,2020-10-01
136,8,2020-10-15
101,10,2020-09-27
591,5,2020-10-07
624,1,2020-10-11
566,20,2020-10-02
344,9,2020-09-24
780,2,2020-09-26
9,16,2020-10-20
278,11,2020-10-10
272,12,2020-10-14
413,16,2020-10-16
595,1,2020-10-20
786,8,2020-09-27
735,12,2020-10-21
8,10,2020-09-28
496,5,2020-10-04
44,19,2020-10-15
312,6,2020-10-08
477,17,2020-09-29
374,9,2020-10-05
662,16,2020-10-08
387,2,2020-10-04
221,19,2020-10-05
603,7,2020-09-30
13,14,2020-09-29
767,12,2020-09-24
503,19,2020-09-27
648,3,2020-10-03
723,12,2020-10-20
631,6,2020-09-30
603,3,2020-10-07
252,0,2020-10-02
225,19,2020-10-17
466,19,2020-10-14
717,1,2020-10-10
231,9,2020-10-22
468,5,2020-09-28
359,15,2020-10-13
354,4,2020-09-24
319,13,2020-10-02
278,5,2020-10-09
362,7,2020-10-14
543,20,2020-09-28
445,19,2020-09-24
285,19,2020-10-16
687,8,2020-10-09
650,17,2020-10-10
769,15,2020-10-10
434,19,2020-10-04
663,6,2020-10-22
26,13,2020-09-25
507,7,2020-10-17
76,8,2020-10-02
402,6,2020-10-21
573,0,2020-09-28
737,12,2020-10-21
84,17,2020-10-10
395,15,2020-10-09
130,10,2020-09-30
389,4,2020-10-01
483,20,2020-09-29
239,7,2020-10-05
155,12,2020-10-11
768,19,2020-10-13
317,13,2020-10-01
638,4,2020-10-12
605,19,2020-10-13
675,18,2020-10-10
105,19,2020-10-09
453,10,2020-10-22
365,17,2020-09-27
476,10,2020-09-26
267,17,2020-09-30
79,0,2020-10-06
15,0,2020-09-27
716,9,2020-10-16
647,15,2020-10-12
195,16,2020-10-14
158,3,2020-10-20
175,11,2020-10-20
272,3,2020-10-18
714,10,2020-10-05
800,9,2020-10-13
526,16,2020-10-01
365,18,2020-10-04
688,16,2020-09-26
413,20,2020-10-07
478,3,2020-10-02
156,14,2020-10-12
587,7,2020-10-19
161,14,2020-09-24
117,2,2020-10-01
229,8,2020-10-06
451,10,2020-10-08
739,13,2020-10-15
482,14,2020-10-17
64,2,2020-10-17
23,13,2020-10-09
230,3,2020-09-30
153,0,2020-09-28
374,18,2020-10-02
543,10,2020-10-22
701,11,2020-10-03
59,0,2020-10-03
332,16,2020-10-10
529,17,2020-10-01
687,8,2020-10-05
564,1,2020-09-26
55,12,2020-10-12
168,1,2020-10-16
127,16,2020-10-13
654,0,2020-10-22
359,9,2020-10-08
715,11,2020-10-16
148,7,2020-10-18
538,3,2020-09-24
681,0,2020-10-10
263,8,2020-09-24
485,2,2020-10-21
513,16,2020-10-18
221,1,2020-10-12
395,2,2020-10-19
106,9,2020-10-13
437,9,2020-10-13
584,3,2020-10-07
692,18,2020-10-18
46,3,2020-10-05
434,9,2020-10-16
678,6,2020-10-03
548,20,2020-10-04
141,10,2020-10-16
369,20,2020-09-29
752,16,2020-09-27
444,0,2020-10-04
572,7,2020-09-26
487,19,2020-10-06
749,18,2020-09-28
244,16,2020-10-22
720,13,2020-10-10
693,3,2020-10-14
144,6,2020-09-24
57,7,2020-09-30
531,13,2020-10-05
252,5,2020-10-16
733,1,2020-10-03
646,12,2020-10-20
490,19,2020-09-29
410,19,2020-09-29
64,16,2020-09-29
106,0,2020-10-21
280,8,2020-10-07
636,13,2020-10-06
449,17,2020-10-13
94,14,2020-10-12
222,6,2020-09-27
179,1,2020-10-17
61,12,2020-10-01
269,18,2020-10-05
726,9,2020-09-24
63,1,2020-10-14
148,6,2020-10-05
316,20,2020-09-27
757,2,2020-10-22
326,3,2020-10-15
79,2,2020-10-12
367,20,2020-09-30
223,15,2020-10-03
615,20,2020-09-25
43,6,2020-10-14
642,16,2020-10-15
709,2,2020-10-21
426,2,2020-10-18
578,16,2020-09-30
156,6,2020-10-22
213,6,2020-09-24
107,20,2020-09-24
498,15,2020-10-22
312,6,2020-10-09
796,16,2020-10-13
184,20,2020-10-18
728,13,2020-10-08
153,20,2020-09-24
496,16,2020-10-16
694,5,2020-10-20
690,14,2020-09-29
617,0,2020-10-04
530,3,2020-10-15
476,15,2020-10-12
15,14,2020-10-06
389,8,2020-10-08
563,17,2020-10-19
171,6,2020-10-19
306,8,2020-10-12
53,10,2020-09-26
11,14,2020-10-18
177,3,2020-09-29
476,3,2020-10-07
708,18,2020-10-08
48,10,2020-10-13
53,7,2020-10-11
87,18,2020-10-19
623,12,2020-10-19
6,5,2020-10-01
220,8,2020-10-07
649,5,2020-09-30
237,1,2020-10-12
552,10,2020-09-24
698,2,2020-10-09
225,14,2020-10-12
289,2,2020-09-27
74,4,2020-09-29
67,2,2020-10-17
672,11,2020-10-17
542,20,2020-10-02
479,20,2020-10-16
537,13,2020-10-04
518,2,2020-10-19
663,6,2020-09-30
220,11,2020-10-01
311,1,2020-10-14
361,14,2020-09-27
586,17,2020-09-25
744,13,2020-10-09
520,6,2020-09-26
696,20,2020-10-14
721,11,2020-10-05
477,3,2020-09-26
565,14,2020-10-12
212,18,2020-10-01
151,3,2020-10-11
545,6,2020-09-27
500,9,2020-10-21
430,11,2020-09-27
10,0,2020-10-21
383,17,2020-10-15
712,20,2020-10-09
68,11,2020-10-04
705,3,2020-09-25
183,20,2020-10-19
241,0,2020-10-19
222,5,2020-10-16
86,10,2020-09-30
661,8,2020-10-08
506,13,2020-10-16
156,9,2020-10-18
539,7,2020-09-26
743,9,2020-10-08
298,20,2020-10-11
99,15,2020-10-17
446,16,2020-10-08
740,1,2020-10-10
481,9,2020-10-07
226,17,2020-10-12
263,7,2020-10-02
470,8,2020-10-14
516,13,2020-10-05
694,20,2020-10-08
703,2,2020-10-03
342,20,2020-09-27
219,11,2020-10-07
749,10,2020-10-13
198,2,2020-10-12
101,7,2020-10-12
391,16,2020-10-07
374,19,2020-10-17
184,13,2020-10-13
532,6,2020-09-26
17,12,2020-09-26
61,14,2020-09-26
737,9,2020-10-12
33,8,2020-10-14
12,15,2020-09-30
178,8,2020-10-11
154,4,2020-10-19
551,6,2020-10-05
621,4,2020-09-28
39,20,2020-10-02
179,11,2020-10-09
400,3,2020-09-24
230,0,2020-10-02
281,19,2020-10-08
150,7,2020-09-30
448,1,2020-09-26
51,10,2020-10-02
553,9,2020-10-16
267,7,2020-10-22
408,19,2020-10-22
351,2,2020-10-04
232,1,2020-10-19
226,11,2020-10-11
644,20,2020-10-12
305,19,2020-10-11
530,1,2020-10-16
318,10,2020-10-02
369,15,2020-10-05
494,4,2020-09-25
141,8,2020-09-25
691,19,2020-10-05
634,0,2020-10-04
284,6,2020-10-16
540,12,2020-10-02
700,0,2020-10-02
560,19,2020-09-26
706,9,2020-10-20
467,10,2020-09-26
794,9,2020-09-24
183,14,2020-10-05
